"srcid","srt_ch","title_ch"
"xwox9vuwEcjaGqFa7AUD27","180829/xwox9vuwEcjaGqFa7AUD27_1.vtt","E-step详解"
"pVCMck4JL5c98dUbBy7ou8","180829/pVCMck4JL5c98dUbBy7ou8_1.vtt","概率PCA中的EM"
"arJA3FeXSSwWhbgBTfjMGE","180829/arJA3FeXSSwWhbgBTfjMGE_1.vtt","GMM训练案例"
"sAywGoBQ7BRvLnypCALCnY","180829/sAywGoBQ7BRvLnypCALCnY_1.vtt","离散混合和E-step的EM实例"
"bTEiKe85u8wGzekAuYU3xK","180829/bTEiKe85u8wGzekAuYU3xK_1.vtt","离散混合和M-step的EM实例"
"heqvYV8vuhAwZdT7eMBH3R","180829/heqvYV8vuhAwZdT7eMBH3R_1.vtt","期望最大化算法"
"uyfuSATpWtxeaQxfEs8HUN","180829/uyfuSATpWtxeaQxfEs8HUN_1.vtt","高斯混合模型"
"bmCRes5Lq4eunX6L6yriQ5","180829/bmCRes5Lq4eunX6L6yriQ5_1.vtt","GMM模型中的通用EM算法"
"dv3q97LUy5T2nUsFjArGBE","180829/dv3q97LUy5T2nUsFjArGBE_1.vtt","延森不等式和KL散度"
"bdsvi6R9iQjhm8UPUx2BJR","180829/bdsvi6R9iQjhm8UPUx2BJR_1.vtt","从概率角度解释K-Means"
"ez4pGjddwX42BN8BPoB6cP","180829/ez4pGjddwX42BN8BPoB6cP_1.vtt","K-Means，M-Step"
"bBNkGdraaVUqkmid2kUG63","180829/bBNkGdraaVUqkmid2kUG63_1.vtt","潜变量模型"
"civLbBpwRByxuEZokn2zsZ","180829/civLbBpwRByxuEZokn2zsZ_1.vtt","M-step详解"
"saNqMpUBgaumzDoUqE7fEb","180829/saNqMpUBgaumzDoUqE7fEb_1.vtt","概率聚类"
"k69vv2BeS3EyGsR4mWpNiF","180829/k69vv2BeS3EyGsR4mWpNiF_1.vtt","概率PCA"
"qXthsRc9scv3zYUjdceeXc","180829/qXthsRc9scv3zYUjdceeXc_1.vtt","期望最大化概述"
"egSZ32a5dFQXEEevTLMYXi","180829/egSZ32a5dFQXEEevTLMYXi_1.vtt","训练GMM（高斯混合模型）"
"fKF2e8ytsPnRQVB9c8mMrQ","180829/fKF2e8ytsPnRQVB9c8mMrQ_1.vtt","贝叶斯优化的应用"
"cwzkAiUyoWfKW2HzEhAtjM","180829/cwzkAiUyoWfKW2HzEhAtjM_1.vtt","贝叶斯优化"
"fTrGFKsT5mcKjNeEvAQbaN","180829/fTrGFKsT5mcKjNeEvAQbaN_1.vtt","主要公式的推导"
"vWLo4sty7YbPYnMp6DEb2o","180829/vWLo4sty7YbPYnMp6DEb2o_1.vtt","高斯过程"
"qUUcCTwmEam2ka9VHUtxyG","180829/qUUcCTwmEam2ka9VHUtxyG_1.vtt","高斯过程应用于机器学习"
"vqpPi7Kix7dTnifCDTGZDD","180829/vqpPi7Kix7dTnifCDTGZDD_1.vtt","非参数方法"
"igFSJAntqoSPe6jHymSd2o","180829/igFSJAntqoSPe6jHymSd2o_1.vtt","GP的细微差别"
"huzVvBJH5rTtWxME9XU8L8","180829/huzVvBJH5rTtWxME9XU8L8_1.vtt","分析推论"
"mcXZGc9UwEZKUfanPw3jZ2","180829/mcXZGc9UwEZKUfanPw3jZ2_1.vtt","贝叶斯统计方法"
"pEutWt3XHr6xhj4vnnm3bb","180829/pEutWt3XHr6xhj4vnnm3bb_1.vtt","共轭分布"
"rNBXU8L3TNVujNVmHRq8sG","180829/rNBXU8L3TNVujNVmHRq8sG_1.vtt","伯努利案例"
"oJQ5SrCwZojoMptRbU4m8A","180829/oJQ5SrCwZojoMptRbU4m8A_1.vtt","正态分布和精准度实例"
"aJu34RNjhGxna9U4UtoJN2","180829/aJu34RNjhGxna9U4UtoJN2_1.vtt","小偷和警报的案例"
"sdNyPH9eTsDCbrwqphyvcm","180829/sdNyPH9eTsDCbrwqphyvcm_1.vtt","如何定义一个模型"
"aan6NkbisUxwWeYQJcqkUo","180829/aan6NkbisUxwWeYQJcqkUo_1.vtt","线性回归"
"cWpXZwdA9U2HHJSU3MQNSi","180829/cWpXZwdA9U2HHJSU3MQNSi_1.vtt","复习贝叶斯和统计知识"
"jmpzQhnkYfVdZiTKavuzy5","180829/jmpzQhnkYfVdZiTKavuzy5_1.vtt","贝叶斯神经网络"
"dUXVjMJa7hMnSxmJxZERwQ","180829/dUXVjMJa7hMnSxmJxZERwQ_1.vtt","吉布斯采样实例"
"ySXaSRziVcYBffp9evwriL","180829/ySXaSRziVcYBffp9evwriL_1.vtt","Metropolis-Hastings实例"
"oMFhgMxRjgQdzdsaHQdCjL","180829/oMFhgMxRjgQdzdsaHQdCjL_1.vtt","吉布斯采样"
"cYcKk47AJ2qCqRWBJDK8T9","180829/cYcKk47AJ2qCqRWBJDK8T9_1.vtt","马尔可夫链蒙特卡洛总结"
"fRzUxEEtUw3HEgatZGkRMJ","180829/fRzUxEEtUw3HEgatZGkRMJ_1.vtt","马尔可夫链"
"bH5bPsDYFU5kTQnwwVV4i3","180829/bH5bPsDYFU5kTQnwwVV4i3_1.vtt","马尔可夫链蒙特卡洛和LDA"
"pJAC2nDvtMyMQcTBEcERT3","180829/pJAC2nDvtMyMQcTBEcERT3_1.vtt","Metropolis-Hastings"
"gjUYsPwc89xDnnwZu4sxsA","180829/gjUYsPwc89xDnnwZu4sxsA_1.vtt","Metropolis-Hastings选择关键点"
"bMaWfWMd7wwt3vS4KqzpQj","180829/bMaWfWMd7wwt3vS4KqzpQj_1.vtt","蒙特卡洛估计"
"hvpWwUnupRvGJL4vcCR8Sj","180829/hvpWwUnupRvGJL4vcCR8Sj_1.vtt","从1-d分布中取样"
"jgAjmLAN9G7dHk4XShn5Mn","180829/jgAjmLAN9G7dHk4XShn5Mn_1.vtt","贝叶斯进程"
"oNbZbgSzXJXeRsiEGpNGpD","180829/oNbZbgSzXJXeRsiEGpNGpD_1.vtt","解码器的梯度"
"axq9eg6fG7RG2bjU9gmcji","180829/axq9eg6fG7RG2bjU9gmcji_1.vtt","与先辈一起学习"
"pTC2VD2V3nmRo7jf4cPKD7","180829/pTC2VD2V3nmRo7jf4cPKD7_1.vtt","记录衍生技巧"
"fBHvNCdABMaVtyAauHdJnP","180829/fBHvNCdABMaVtyAauHdJnP_1.vtt","图像分布建模"
"iZeY33dPwZB4EY6qeyQgWH","180829/iZeY33dPwZB4EY6qeyQgWH_1.vtt","重新参数化技巧"
"dQ4pWg8NHaYMxe4rkYCtsd","180829/dQ4pWg8NHaYMxe4rkYCtsd_1.vtt","缩放变异EM"
"zdSR6wnJMmYLZipTcxiNR6","180829/zdSR6wnJMmYLZipTcxiNR6_1.vtt","缩放变分推断和无偏估计"
"tpye4gE586RmEzwksJVe22","180829/tpye4gE586RmEzwksJVe22_1.vtt","Sparse variational dropout"
"eQc4GY3Zxw5gDUSNzriWU6","180829/eQc4GY3Zxw5gDUSNzriWU6_1.vtt","在高斯混合中使用CNN"
"hSKP8QBbNKjTYQPWtE8t8a","180829/hSKP8QBbNKjTYQPWtE8t8a_1.vtt","Dirichlet分布"
"td9vCVuPiiKwxDCFpdk2s3","180829/td9vCVuPiiKwxDCFpdk2s3_1.vtt","Ising模型案例"
"mJ9j4jFkbeNRAQ5EJubeah","180829/mJ9j4jFkbeNRAQ5EJubeah_1.vtt","LDA的拓展"
"mDsYLEQbNkUjEsft2KBepA","180829/mDsYLEQbNkUjEsft2KBepA_1.vtt","Latent Dirichlet分配"
"i32Bv7LsjJKAKd7Squ3uS8","180829/i32Bv7LsjJKAKd7Squ3uS8_1.vtt","LDA_ E-step, theta"
"zs5ZGByUjsYfjNooVrKqqZ","180829/zs5ZGByUjsYfjNooVrKqqZ_1.vtt","LDA_ E-step, z"
"pW9Zwu87xi7tcPHExAnmVP","180829/pW9Zwu87xi7tcPHExAnmVP_1.vtt","LDA_ M-step和预测"
"gbHaCaWMLBcHHYmw4BwURU","180829/gbHaCaWMLBcHHYmw4BwURU_1.vtt","平均场近似"
"pYmMhSVsvRsHoKx2L9NaV9","180829/pYmMhSVsvRsHoKx2L9NaV9_1.vtt","主题建模"
"jitvb9KaQTrgrjjN2HQJmU","180829/jitvb9KaQTrgrjjN2HQJmU_1.vtt","Variational EM和复习"
"wKLZ3koNmTnqTXG83GujZD","180829/wKLZ3koNmTnqTXG83GujZD_1.vtt","为何使用近似推论"
"ziGFbtd4bUkHE3men8EaoX","180829/ziGFbtd4bUkHE3men8EaoX_1.vtt","关于GCP专业化的ML介绍"
"sQp7jHsnsUKd72q4tLLsxM","180829/sQp7jHsnsUKd72q4tLLsxM_1.vtt","专业议程"
"kQ8tKaCGbNxSy6VXRLs5bD","180829/kQ8tKaCGbNxSy6VXRLs5bD_1.vtt","为什么使用Google Cloud"
"sCbgbccbnumhftaVyDSSvA","180829/sCbgbccbnumhftaVyDSSvA_1.vtt","为什么选择Google"
"ntPGGKKDbT8hbZ7YLjvPP3","180829/ntPGGKKDbT8hbZ7YLjvPP3_1.vtt","Qwiklabs介绍"
"czvZSEisZ96RF9SqdadHtV","180829/czvZSEisZ96RF9SqdadHtV_1.vtt","介绍"
"bh9rr6eUCyWk6KojH9QGBb","180829/bh9rr6eUCyWk6KojH9QGBb_1.vtt","建立决策树"
"qkMbGckrSN32a7bJR9uR5F","180829/qkMbGckrSN32a7bJR9uR5F_1.vtt","分类中的评估指标"
"noBXfLb8tYaAQ2YsmsTrfX","180829/noBXfLb8tYaAQ2YsmsTrfX_1.vtt","逻辑回归简介"
"ySkChbaa63ywMY5X2ZcewW","180829/ySkChbaa63ywMY5X2ZcewW_1.vtt","分类简介"
"uiVweSWhjnJREJLyKdMmce","180829/uiVweSWhjnJREJLyKdMmce_1.vtt","决策树简介"
"uvKweKHSWxAKq8CGq7VnLE","180829/uvKweKHSWxAKq8CGq7VnLE_1.vtt","K最近邻居"
"xFR8u87D7CPByUtbUY9rH5","180829/xFR8u87D7CPByUtbUY9rH5_1.vtt","逻辑回归训练"
"d6SgzBDzUsfNTPehsK39jC","180829/d6SgzBDzUsfNTPehsK39jC_1.vtt","逻辑回归和线性回归"
"pPEqPD2faSfh5HcpPNKCpg","180829/pPEqPD2faSfh5HcpPNKCpg_1.vtt","支持向量机"
"jAfG6kz7sKB9a6cw75E5vb","180829/jAfG6kz7sKB9a6cw75E5vb_1.vtt","DBSCAN"
"napWyHdaCXai8vfs5Z6gC7","180829/napWyHdaCXai8vfs5Z6gC7_1.vtt","聚类介绍"
"fpZm8R8jR5BNC3YQtLKzcL","180829/fpZm8R8jR5BNC3YQtLKzcL_1.vtt","分层聚类简介"
"sTd9DhFsGJAW9zBm6BKnxi","180829/sTd9DhFsGJAW9zBm6BKnxi_1.vtt","介绍k-Means"
"gzb2EV6g6FnA6UemdUUKXY","180829/gzb2EV6g6FnA6UemdUUKXY_1.vtt","有关分层聚类的更多信息"
"gBNdvZFsgE7QBaee4AC3Bg","180829/gBNdvZFsgE7QBaee4AC3Bg_1.vtt","更多关于k-Means的信息"
"aQZpx3RzadRzTF27kGm8BW","180829/aQZpx3RzadRzTF27kGm8BW_1.vtt","在Watson Studio上共享笔记本"
"duJeptuQhFuVGLGQHjaxEJ","180829/duJeptuQhFuVGLGQHjaxEJ_1.vtt","注册Watson Studio帐户"
"jRXweSBE2qAE5oXxC22ryd","180829/jRXweSBE2qAE5oXxC22ryd_1.vtt","机器学习介绍"
"whZ6Zmud4JN9mkVRwrwBKe","180829/whZ6Zmud4JN9mkVRwrwBKe_1.vtt","Python机器学习"
"s9xxhAiP7w524RomnByT3U","180829/s9xxhAiP7w524RomnByT3U_1.vtt","监督学习和无监督学习"
"gMf9SZVt2t94o3xqCq9gxD","180829/gMf9SZVt2t94o3xqCq9gxD_1.vtt","欢迎章节"
"pyUJqBdvW8FESuDL9JpoDj","180829/pyUJqBdvW8FESuDL9JpoDj_1.vtt","协同过滤"
"emkwHVQnNzJ592nnBw8mob","180829/emkwHVQnNzJ592nnBw8mob_1.vtt","基于内容的推荐系统"
"zt9wh32jquPysDaSa4phMN","180829/zt9wh32jquPysDaSa4phMN_1.vtt","推荐系统介绍"
"wbTwmDdFQEt2WmKmce5KUf","180829/wbTwmDdFQEt2WmKmce5KUf_1.vtt","回归模型中的评估指标"
"bBnAyek54DFigmqdSFsQnQ","180829/bBnAyek54DFigmqdSFsQnQ_1.vtt","回归简介"
"hbJBeVhrZnxqWd49m8VuN6","180829/hbJBeVhrZnxqWd49m8VuN6_1.vtt","回归模型中的模型评估"
"cZ7txvpPe799qQgUzWVGEP","180829/cZ7txvpPe799qQgUzWVGEP_1.vtt","多元线性回归"
"bDqNCygd4wJRZVs3dtqHvQ","180829/bDqNCygd4wJRZVs3dtqHvQ_1.vtt","非线性回归"
"cBvsEzU3VTjrstcwSfBixU","180829/cBvsEzU3VTjrstcwSfBixU_1.vtt","简单线性回归"
"z9yjcdFXooAPH89UMHWYBm","180829/z9yjcdFXooAPH89UMHWYBm_1.vtt","简要回顾"
"qon2MCvEZ4vB96BacmRD4M","180829/qon2MCvEZ4vB96BacmRD4M_1.vtt","评估性能介绍"
"vnvNxzrRVABytNUSs9B8Wc","180829/vnvNxzrRVABytNUSs9B8Wc_1.vtt","定义过度拟合"
"xgwigz2msSkj7q5bsN7cH6","180829/xgwigz2msSkj7q5bsN7cH6_1.vtt","错误与数据量"
"kP7STqafWXonAgzicoQy8X","180829/kP7STqafWXonAgzicoQy8X_1.vtt","3个可能的错误来源"
"eVsYy34jXsCbovbFDhRpQD","180829/eVsYy34jXsCbovbFDhRpQD_1.vtt","为什么会出现3个可能的错误来源"
"djxD4tpUknn5mCt3wwm7ym","180829/djxD4tpUknn5mCt3wwm7ym_1.vtt","泛化错误_我们真正想要的是什么"
"pjjXAo4GNWXX6aZFxFvmaD","180829/pjjXAo4GNWXX6aZFxFvmaD_1.vtt","不可减少的错误和偏见"
"d9vRpEen8RHFkjNUBpz3VQ","180829/d9vRpEen8RHFkjNUBpz3VQ_1.vtt","测试错误_我们实际可以计算的内容"
"ypnmAAGfiwVuxBwLpVYo6o","180829/ypnmAAGfiwVuxBwLpVYo6o_1.vtt","训练错误_评估训练集的损失"
"i8et9NVXzHdztZamxwKvR8","180829/i8et9NVXzHdztZamxwKvR8_1.vtt","方差和偏差 - 方差权衡"
"c8cAT2QJ6oSKDmzdCs468h","180829/c8cAT2QJ6oSKDmzdCs468h_1.vtt","loss（损失）是什么意思"
"jHXWFqNcWAkrxPzWmYoJVP","180829/jHXWFqNcWAkrxPzWmYoJVP_1.vtt","简要回顾"
"ukc59PPbNFYeBEemT2NLHk","180829/ukc59PPbNFYeBEemT2NLHk_1.vtt","所有子集"
"px8EYypRE4VZDAN9U8dy43","180829/px8EYypRE4VZDAN9U8dy43_1.vtt","评估趋同和其他lasso求解器"
"ddkxRUzcJ6yp4Hmsy9ZGAZ","180829/ddkxRUzcJ6yp4Hmsy9ZGAZ_1.vtt","我们可以使用正则化进行特征选择"
"qW5bbiTWGcu6YDgP8SgKR8","180829/qW5bbiTWGcu6YDgP8SgKR8_1.vtt","用lasso选择惩罚力度和其他实际问题"
"y688iq5qAbfuNoHHZuTd7U","180829/y688iq5qAbfuNoHHZuTd7U_1.vtt","所有子集的复杂性"
"sBwGiQ4eYEekxwCB9Mngqn","180829/sBwGiQ4eYEekxwCB9Mngqn_1.vtt","贪婪前向逐步算法的复杂性"
"f9nWF3gKLQymrrjQYUFk4f","180829/f9nWF3gKLQymrrjQYUFk4f_1.vtt","协调下降"
"twnQeYTcouZB9qmZwqUg4X","180829/twnQeYTcouZB9qmZwqUg4X_1.vtt","lasso坐标下降（标准化特征）"
"zjH5YooVwbmnqAoud53P5b","180829/zjH5YooVwbmnqAoud53P5b_1.vtt","lassoi坐标下降（非标准化特征）"
"giLrGxaYksQMrPkALBv9oV","180829/giLrGxaYksQMrPkALBv9oV_1.vtt","最小二乘回归的坐标下降（标准化特征）"
"ooyaqec8Xfwzux2wbDR3tk","180829/ooyaqec8Xfwzux2wbDR3tk_1.vtt","导出套索坐标下降更新"
"wNEGeeP22pYVXqgzLqyxSP","180829/wNEGeeP22pYVXqgzLqyxSP_1.vtt","贪婪算法"
"oUEqvhaQqzjqTURW7yRsdm","180829/oUEqvhaQqzjqTURW7yRsdm_1.vtt","Lasso演示"
"cRg66UkwqA9X28B8zD6CVh","180829/cRg66UkwqA9X28B8zD6CVh_1.vtt","规范化功能"
"fXP4qc8iq6wZRNMNusggsM","180829/fXP4qc8iq6wZRNMNusggsM_1.vtt","功能选择任务"
"tdG3aH7FpSUE67Jq58CwHS","180829/tdG3aH7FpSUE67Jq58CwHS_1.vtt","lasso目标及其系数路径"
"aqpMrFBUoKgeFReQyWdj9g","180829/aqpMrFBUoKgeFReQyWdj9g_1.vtt","阈值岭系数"
"bcMrMJwdict8F65PShLRoh","180829/bcMrMJwdict8F65PShLRoh_1.vtt","可视化lasso成本和解决方案"
"nKwFUkx5hMZ63SyUknKBxJ","180829/nKwFUkx5hMZ63SyUknKBxJ_1.vtt","可视化ridge成本"
"doVeuFbKm8S6Q67nqyL5Md","180829/doVeuFbKm8S6Q67nqyL5Md_1.vtt","可视化ridge解决方案"
"uiHpTtbE2F7Gi2af85Wwc5","180829/uiHpTtbE2F7Gi2af85Wwc5_1.vtt","是什么让lasso目标与众不同"
"wuGLSTfBAVLUu3ShMvrQX3","180829/wuGLSTfBAVLUu3ShMvrQX3_1.vtt","简要回顾"
"hibepTteHtNGxAMQ7bVYEQ","180829/hibepTteHtNGxAMQ7bVYEQ_1.vtt","梯度下降法的算法总结"
"cghqFo62qgwTsgA4WmngND","180829/cghqFo62qgwTsgA4WmngND_1.vtt","方法1_封闭式解决方案"
"soXdE6yAx33fpgMDLchdKW","180829/soXdE6yAx33fpgMDLchdKW_1.vtt","方法2_梯度下降"
"eGy8Vi94VoHQ4JocHMr2P7","180829/eGy8Vi94VoHQ4JocHMr2P7_1.vtt","计算D维曲线的成本"
"m7JGXFfdYPooHcdpNvCX2Y","180829/m7JGXFfdYPooHcdpNvCX2Y_1.vtt","计算RSS的梯度"
"offFAhzn7u6JzPapZM4EdX","180829/offFAhzn7u6JzPapZM4EdX_1.vtt","定义符号"
"cBkvM4VRyJkW2KpvsS3nBW","180829/cBkvM4VRyJkW2KpvsS3nBW_1.vtt","讨论封闭形式的解决方案"
"cn2hQK7pNx2uv9ujD7YHgc","180829/cn2hQK7pNx2uv9ujD7YHgc_1.vtt","Feature-by-feature更新"
"vCZ4FhFX2KL9DyzPUV3Lk7","180829/vCZ4FhFX2KL9DyzPUV3Lk7_1.vtt","解释多元回归拟合"
"bDdTafTRyyNJB2uq6UP6rZ","180829/bDdTafTRyyNJB2uq6UP6rZ_1.vtt","建模季节性"
"tuyKwVo8SaCqbg8nv3kUNB","180829/tuyKwVo8SaCqbg8nv3kUNB_1.vtt","激励多种输入的使用"
"b3oH2jVJtKS9jGHBEVNQVK","180829/b3oH2jVJtKS9jGHBEVNQVK_1.vtt","多元回归介绍"
"geLaKVFgKkejGuF5qS44D8","180829/geLaKVFgKkejGuF5qS44D8_1.vtt","多项式回归"
"fqVjjCBYCjSYLVM9iwC8PS","180829/fqVjjCBYCjSYLVM9iwC8PS_1.vtt","回归与多个输入的功能"
"nK2o4nsatDi9xqA23sF6UJ","180829/nK2o4nsatDi9xqA23sF6UJ_1.vtt","回归与单个输入的一般功能"
"g6k6GoTP7oFwjDpJPro85g","180829/g6k6GoTP7oFwjDpJPro85g_1.vtt","用矩阵表示法重写所有观测值的模型"
"kA3LHYW4dZ7kytBD2DCiP5","180829/kA3LHYW4dZ7kytBD2DCiP5_1.vtt","用矢量符号重写单个观察模型"
"kyA9ctT9HsDtWm7BfoMVoG","180829/kyA9ctT9HsDtWm7BfoMVoG_1.vtt","Where we see seasonality"
"gnaRp2NgaNxp76msxWxSH7","180829/gnaRp2NgaNxp76msxWxSH7_1.vtt","1-最近邻算法"
"cJgZTVuBG85eQUQNSoBQzS","180829/cJgZTVuBG85eQUQNSoBQzS_1.vtt","1 - 最近邻回归方法"
"fWpH7W5BkHif2Db8omqZBm","180829/fWpH7W5BkHif2Db8omqZBm_1.vtt","简要回顾"
"n2GVUVjezuAyAqThM8RwMA","180829/n2GVUVjezuAyAqThM8RwMA_1.vtt","距离指标"
"doBSy7UvhgiC8xaTs35oWb","180829/doBSy7UvhgiC8xaTs35oWb_1.vtt","从加权k-NN到核回归"
"v9rZ4TLSL4B3xuozigpUbA","180829/v9rZ4TLSL4B3xuozigpUbA_1.vtt","参数模型的全局拟合与核回归的局部拟合"
"zNGGMAqQfZbeENx5tM5WcN","180829/zNGGMAqQfZbeENx5tM5WcN_1.vtt","高维，数据稀缺和计算复杂性的问题"
"hmNr8Zq8M7WpLVSiL6AGZD","180829/hmNr8Zq8M7WpLVSiL6AGZD_1.vtt","k-最近邻居实践"
"s4EgPoja87iersstdkWZmC","180829/s4EgPoja87iersstdkWZmC_1.vtt","k-最近邻回归"
"mJSas635UW5R4SsvwMcUEe","180829/mJSas635UW5R4SsvwMcUEe_1.vtt","k-NN分类"
"yqjvHGtdo4V6pCVEGsnQnG","180829/yqjvHGtdo4V6pCVEGsnQnG_1.vtt","参数回归的局限性"
"y8YXziEJuBg2VtuKjg6PeM","180829/y8YXziEJuBg2VtuKjg6PeM_1.vtt","随着数据量的增加，NN的性能也在增长"
"nNniu6Z3riwA9GpvFmQq7Q","180829/nNniu6Z3riwA9GpvFmQq7Q_1.vtt","加权k-最近邻居"
"jfFVD3DDGtMnNv8bvBrENn","180829/jfFVD3DDGtMnNv8bvBrENn_1.vtt","简要回顾"
"u6EX5u4vUY2aVED8HrANaJ","180829/u6EX5u4vUY2aVED8HrANaJ_1.vtt","方法1_封闭式解决方案"
"rSgLSqKQgE2QNCbyKicNW3","180829/rSgLSqKQgE2QNCbyKicNW3_1.vtt","方法2_梯度下降"
"goEpcPqJh9DKfXjbb3xMCH","180829/goEpcPqJh9DKfXjbb3xMCH_1.vtt","平衡拟合和系数的大小"
"yLQCHo4FhqBvZTCHhGkGWH","180829/yLQCHo4FhqBvZTCHhGkGWH_1.vtt","计算脊目标的梯度"
"iQomNu4zWBNErZ4p9cAZgc","180829/iQomNu4zWBNErZ4p9cAZgc_1.vtt","讨论封闭形式的解决方案"
"nM6twhbXBmVYLKmmqvQQKP","180829/nM6twhbXBmVYLKmmqvQQKP_1.vtt","Ridge回归如何平衡偏差和方差"
"dL5xLWxVPNsfjqrzwVQCxj","180829/dL5xLWxVPNsfjqrzwVQCxj_1.vtt","如何处理intercept"
"rCxF9dkoUPRekji7gsHymh","180829/rCxF9dkoUPRekji7gsHymh_1.vtt","K折交叉验证"
"aWCCPSDjH9aVM27XqAtsmd","180829/aWCCPSDjH9aVM27XqAtsmd_1.vtt","过度拟合演示"
"hz2RagfW27xXidKLqzRc3B","180829/hz2RagfW27xXidKLqzRc3B_1.vtt","过拟合_更泛化的多元回归模型"
"oqC6kiEJpJa5WcKKcYo2dj","180829/oqC6kiEJpJa5WcKKcYo2dj_1.vtt","Ridge回归演示"
"qbJWPVXULCHd67iCYgVyVb","180829/qbJWPVXULCHd67iCYgVyVb_1.vtt","通过交叉验证选择调整参数"
"wPQXN9p2gCAFdZAsAngAFh","180829/wPQXN9p2gCAFdZAsAngAFh_1.vtt","多项式回归中过拟合的情况"
"zB2YRzVgPjrn7dBPAzKYFX","180829/zB2YRzVgPjrn7dBPAzKYFX_1.vtt","由此产生的Ridge目标及其极端解决方案"
"yKCeaRwT55s8xNxrCxF4s6","180829/yKCeaRwT55s8xNxrCxF4s6_1.vtt","Ridge系数路径"
"p8mEpWG6UFzgvD8JBnxKVH","180829/p8mEpWG6UFzgvD8JBnxKVH_1.vtt","假设的背景"
"sPAcVJRBwTSZeX7d3dnDJE","180829/sPAcVJRBwTSZeX7d3dnDJE_1.vtt","概述课程的前半部分"
"a2rgptptipuPNRaVSwvsQe","180829/a2rgptptipuPNRaVSwvsQe_1.vtt","概述课程的后半部分"
"ffKgWds2KfgUUUj5tR9LVk","180829/ffKgWds2KfgUUUj5tR9LVk_1.vtt","欢迎章节"
"oPUSQSjggstxvYdcr9i6LA","180829/oPUSQSjggstxvYdcr9i6LA_1.vtt","课程简介"
"uXxks3HX5BDSDTTmWYUYBo","180829/uXxks3HX5BDSDTTmWYUYBo_1.vtt","Dot产品"
"tAtPaDXVsndfWnnJHWd6jK","180829/tAtPaDXVsndfWnnJHWd6jK_1.vtt","前往下一个模块！"
"cX8yhUjxUnELLpetpfNThn","180829/cX8yhUjxUnELLpetpfNThn_1.vtt","函数和随机变量的内积（可选）"
"nKndDYYXqdKNWu5Wy9teFG","180829/nKndDYYXqdKNWu5Wy9teFG_1.vtt","内部产品_角度和正交性"
"rFrvQ94cU7V6LCiweUESCC","180829/rFrvQ94cU7V6LCiweUESCC_1.vtt","内在产品定义"
"jpAYquy5w96Sytbx5omKzX","180829/jpAYquy5w96Sytbx5omKzX_1.vtt","向量之间的内积距离"
"vdL9e6ptDd8hutDy2YC8yM","180829/vdL9e6ptDd8hutDy2YC8yM_1.vtt","矢量的内积长度"
"zAcQoXTkSSuTF6hJsYNGqc","180829/zAcQoXTkSSuTF6hJsYNGqc_1.vtt","欢迎来到模块2"
"tozYuVCjjVaDko34dbH8PN","180829/tozYuVCjjVaDko34dbH8PN_1.vtt","示例_投影到1D子空间"
"ktkX4MYhTFw3yML2dicKRL","180829/ktkX4MYhTFw3yML2dicKRL_1.vtt","示例_投影到2D子空间"
"sSg2TEMcsrGGnGUNtA8geC","180829/sSg2TEMcsrGGnGUNtA8geC_1.vtt","投影到1D子空间"
"xmMTq76n4ugbr6h7Y7fSmi","180829/xmMTq76n4ugbr6h7Y7fSmi_1.vtt","对高维子空间的投影"
"pE2tP7FzGaU5k28rL296EX","180829/pE2tP7FzGaU5k28rL296EX_1.vtt","模块3"
"h99eH8AG6UeGwZYM8U6Hb5","180829/h99eH8AG6UeGwZYM8U6Hb5_1.vtt","欢迎来到模块3"
"e5Lm5nwGBySgQ5qkVGZLBF","180829/e5Lm5nwGBySgQ5qkVGZLBF_1.vtt","找到跨主子空间的基矢量"
"v3ZLPcgfY6wd6zNctfyRvB","180829/v3ZLPcgfY6wd6zNctfyRvB_1.vtt","查找投影数据的坐标"
"fyJtMFK8cTxb8CFgKcBkrG","180829/fyJtMFK8cTxb8CFgKcBkrG_1.vtt","PCA的其他解释（可选）"
"aS8Gmcvnw787QYq4hJUYZg","180829/aS8Gmcvnw787QYq4hJUYZg_1.vtt","PCA的高维度"
"fa6XKrG7T6mkrz3B29jNkV","180829/fa6XKrG7T6mkrz3B29jNkV_1.vtt","问题设置和PCA目标"
"b392EDT5ovPXFEM92UV6Qi","180829/b392EDT5ovPXFEM92UV6Qi_1.vtt","重新制定目标"
"dirqBZ9p6qVWVP5pqKYkeN","180829/dirqBZ9p6qVWVP5pqKYkeN_1.vtt","PCA的步骤"
"iZYvHTNbT6G6VTFP8xicde","180829/iZYvHTNbT6G6VTFP8xicde_1.vtt","本单元摘要"
"xeyiEWBwY7u3Xkc4KAv2MZ","180829/xeyiEWBwY7u3Xkc4KAv2MZ_1.vtt","这是关于PCA的课程"
"j6wHFQJfDCs6NSeU7XTeXC","180829/j6wHFQJfDCs6NSeU7XTeXC_1.vtt","欢迎来到模块4"
"qoQfvh4qYf2niyVdzbfEWH","180829/qoQfvh4qYf2niyVdzbfEWH_1.vtt","对（共）方差的影响"
"dzbwva5vFqTfJuYnNur3vN","180829/dzbwva5vFqTfJuYnNur3vN_1.vtt","对平均值的影响"
"dtMqaTHxFHwNfod8Z2Fm2d","180829/dtMqaTHxFHwNfod8Z2Fm2d_1.vtt","课程简介"
"zaKothiZmZ4PbhpwVxnPZC","180829/zaKothiZmZ4PbhpwVxnPZC_1.vtt","数据集的平均值"
"nuGhietS2dfYrECseqP5di","180829/nuGhietS2dfYrECseqP5di_1.vtt","下一个模块见"
"n7hvaxccwu4LraZ5FrWVzh","180829/n7hvaxccwu4LraZ5FrWVzh_1.vtt","高维数据集的方差"
"vxSsXBMr2LTEYGRx7DboRh","180829/vxSsXBMr2LTEYGRx7DboRh_1.vtt","一维数据集的方差"
"k3zNeGH3t27YxARqUd5Ygh","180829/k3zNeGH3t27YxARqUd5Ygh_1.vtt","欢迎来到模块1"
"efrt882hADQC2zv5jLbZF2","180829/efrt882hADQC2zv5jLbZF2_1.vtt","Dropout算法"
"y7rFHTmL9rMYbrPJp8XxWK","180829/y7rFHTmL9rMYbrPJp8XxWK_1.vtt","贝叶斯学习完全实践"
"zEXdHayL64C9fCv74PzTuN","180829/zEXdHayL64C9fCv74PzTuN_1.vtt","专家混合"
"arcp3hxCxQLvhuHfhXzy7P","180829/arcp3hxCxQLvhuHfhXzy7P_1.vtt","完全贝叶斯学习的想法"
"jPcYMBJtp6vf4vfGLAtfjj","180829/jPcYMBJtp6vf4vfGLAtfjj_1.vtt","为什么它有助于组合模型"
"nqtBQYF2K2hVHvso2zJNUP","180829/nqtBQYF2K2hVHvso2zJNUP_1.vtt","DBNs的判别学习"
"mJBajQ3tj6oYvuVrkafAi4","180829/mJBajQ3tj6oYvuVrkafAi4_1.vtt","通过堆叠RBM学习功能层"
"sC5QP6kb5o5PLnGxvDgTpb","180829/sC5QP6kb5o5PLnGxvDgTpb_1.vtt","使用RBM建模实值数据"
"e7hN5Y2aagnNwXLUKwdttY","180829/e7hN5Y2aagnNwXLUKwdttY_1.vtt","OPTIONAL VIDEO_ RBMs are infinite sigmoid belief nets [17 mins]"
"dgf6sNPNjKkT3AgAbRMibC","180829/dgf6sNPNjKkT3AgAbRMibC_1.vtt","在判别性微调期间会发生什么"
"yG6goBi2NNUfc7xGcrFfTA","180829/yG6goBi2NNUfc7xGcrFfTA_1.vtt","处理虚假最小值"
"yXZWxCR2yjzRaXmbKAsAg9","180829/yXZWxCR2yjzRaXmbKAsAg9_1.vtt","Hopfield网与隐藏单位"
"sHHysfYzGVq8BkTkXNWCAN","180829/sHHysfYzGVq8BkTkXNWCAN_1.vtt","Hopfield网"
"bS5BEia5s8fjhMkFG4GyPh","180829/bS5BEia5s8fjhMkFG4GyPh_1.vtt","Boltzmann机器如何建模数据"
"gWCmbyXpP7PnLg7qtxossE","180829/gWCmbyXpP7PnLg7qtxossE_1.vtt","使用随机单位即兴搜索"
"x6dmZZXhap24crr2N7ejRB","180829/x6dmZZXhap24crr2N7ejRB_1.vtt","简短转入认知科学"
"dNCXMXMEKe85JRQg2dWpqE","180829/dNCXMXMEKe85JRQg2dWpqE_1.vtt","softmax输出功能"
"g5swQ9xDrQ7tvvP5xWrEVZ","180829/g5swQ9xDrQ7tvvP5xWrEVZ_1.vtt","学会预测下一个单词"
"th3WV6iYwGJfn2kK5LrsQo","180829/th3WV6iYwGJfn2kK5LrsQo_1.vtt","神经概率语言模型"
"vzCYQeVfAYCPE2uHvUYBXg","180829/vzCYQeVfAYCPE2uHvUYBXg_1.vtt","处理大量可能产出的方法"
"fSR353sKLmpEkbwkytih4S","180829/fSR353sKLmpEkbwkytih4S_1.vtt","用于文件检索的深度自动编码器"
"goBpkrNkB7TNUiq6rSTm8o","180829/goBpkrNkB7TNUiq6rSTm8o_1.vtt","深度自动编码器"
"vMuWnKKi4KLtYXNfwoUzu6","180829/vMuWnKKi4KLtYXNfwoUzu6_1.vtt","从PCA到自动编码器"
"ak3nSpUB9KbHqLgiPqem9G","180829/ak3nSpUB9KbHqLgiPqem9G_1.vtt","学习用于图像检索的二进制代码"
"aAF7PcNcPWYY4ehjs84tVN","180829/aAF7PcNcPWYY4ehjs84tVN_1.vtt","语义哈希"
"nbUdZ3JeJt4WCAKhA8usAF","180829/nbUdZ3JeJt4WCAKhA8usAF_1.vtt","用于预训练的浅自动编码器"
"rrydHMJ2kbFfWC5QetVqV2","180829/rrydHMJ2kbFfWC5QetVqV2_1.vtt","回声状态网络"
"ssmejh5Kyzx45fpJ7qYVyE","180829/ssmejh5Kyzx45fpJ7qYVyE_1.vtt","学习使用HF预测下一个角色"
"dAixTKePjtvSUUT76rFFNR","180829/dAixTKePjtvSUUT76rFFNR_1.vtt","使用乘法连接建模字符串"
"cQZhNtjBgzhSKEeJofByNk","180829/cQZhNtjBgzhSKEeJofByNk_1.vtt","实现视点不变性"
"h3AAQEpeY4nEYmyHr2npeK","180829/h3AAQEpeY4nEYmyHr2npeK_1.vtt","用于数字识别的卷积网络"
"gChpNBSdP3MwGKq9zfbt5M","180829/gChpNBSdP3MwGKq9zfbt5M_1.vtt","用于物体识别的卷积网络"
"ii26ye8M6BvAjuHW6gctdb","180829/ii26ye8M6BvAjuHW6gctdb_1.vtt","为什么物体识别这么难"
"fGeTfpE3yLRUwmWWJvcJ5U","180829/fGeTfpE3yLRUwmWWJvcJ5U_1.vtt","迷你批量梯度下降的技巧"
"pV88kH4Y8BzWWUbnihSdkS","180829/pV88kH4Y8BzWWUbnihSdkS_1.vtt","每个连接的自适应学习速率"
"aJqZQxet3BraJS2ytCfegR","180829/aJqZQxet3BraJS2ytCfegR_1.vtt","小批量梯度下降概述"
"iKszjbP9dcrjV8zfhmrSGf","180829/iKszjbP9dcrjV8zfhmrSGf_1.vtt","将梯度除以其最近幅度的运行平均值"
"sX6MZaxd4NWydbnP9ig45R","180829/sX6MZaxd4NWydbnP9ig45R_1.vtt","动量法"
"stvC5vPno7293Hmfog9viS","180829/stvC5vPno7293Hmfog9viS_1.vtt","贝叶斯超参数优化"
"j79aeLQ5cpmWGe6rw2scie","180829/j79aeLQ5cpmWGe6rw2scie_1.vtt","分层坐标系"
"zFgHyczDFhYkyt9kRPYHeV","180829/zFgHyczDFhYkyt9kRPYHeV_1.vtt","学习图像和字幕的联合模型"
"gAfT7dzHEUbvsfZevHCWoJ","180829/gAfT7dzHEUbvsfZevHCWoJ_1.vtt","训练RNN的示例"
"iHmdJ9qQfCH9gbRFhnyUTC","180829/iHmdJ9qQfCH9gbRFhnyUTC_1.vtt","LSTM长期短期记忆"
"ydRjPjngZJSJhdBM2ePwPW","180829/ydRjPjngZJSJhdBM2ePwPW_1.vtt","建模序列_简要概述"
"w2My5GzZUFDFhSjgMmuJ5i","180829/w2My5GzZUFDFhSjgMmuJ5i_1.vtt","使用反向传播训练RNN"
"fFGXPMyK3gTiARnYssgZJg","180829/fFGXPMyK3gTiARnYssgZJg_1.vtt","为什么训练RNN很困难"
"fEeVMBYKuBdtUEL2hDw5Nm","180829/fEeVMBYKuBdtUEL2hDw5Nm_1.vtt","RBM学习的一个例子"
"pzioqe3hytVwGtTffW8xF4","180829/pzioqe3hytVwGtTffW8xF4_1.vtt","玻尔兹曼机器学习"
"hHxyFuKjsMXDayaSPwzdtc","180829/hHxyFuKjsMXDayaSPwzdtc_1.vtt","更有效的统计方法"
"mDWbLD6gM8mkwJxXV3LMBE","180829/mDWbLD6gM8mkwJxXV3LMBE_1.vtt","用于协同过滤的RBM"
"scfVCb23osk8jGTWrhXUTe","180829/scfVCb23osk8jGTWrhXUTe_1.vtt","受限制的玻尔兹曼机"
"rksyazP9QEiUk8yCUR4hFd","180829/rksyazP9QEiUk8yCUR4hFd_1.vtt","Belief网络"
"zxpKxunEnSZisFch9ZMttY","180829/zxpKxunEnSZisFch9ZMttY_1.vtt","反向传播的起伏"
"jbCwHzGXU5W2Qq94yksatQ","180829/jbCwHzGXU5W2Qq94yksatQ_1.vtt","唤醒睡眠算法"
"eGBQvtmtU6FHqmTawKwctK","180829/eGBQvtmtU6FHqmTawKwctK_1.vtt","学习线性神经元的权重"
"cQc2yYjgNG9pkqzjrugDMf","180829/cQc2yYjgNG9pkqzjrugDMf_1.vtt","学习逻辑输出神经元的权重"
"ew74QMcYmQ2myoVizD7Ghc","180829/ew74QMcYmQ2myoVizD7Ghc_1.vtt","反向传播算法"
"kd9R6WDcVM7vr8dYWTK7HY","180829/kd9R6WDcVM7vr8dYWTK7HY_1.vtt","线性神经元的误差表面"
"fSipJghkTQPGgWSCrfjeNL","180829/fSipJghkTQPGgWSCrfjeNL_1.vtt","使用反向传播计算的导数"
"km9JVZoUN8vKzEgtw9YqLG","180829/km9JVZoUN8vKzEgtw9YqLG_1.vtt","感知器的几何视图"
"koHtidzbWTvaUsZg82VxxQ","180829/koHtidzbWTvaUsZg82VxxQ_1.vtt","感知机_第一代神经网络"
"nRsMQV4VZ8hxrNYgH2S7M8","180829/nRsMQV4VZ8hxrNYgH2S7M8_1.vtt","神经网络架构的类型"
"w2iJu3CZYNcaz6ySua3odk","180829/w2iJu3CZYNcaz6ySua3odk_1.vtt","有哪些感知机做不了的事"
"bGrXPvotFpMmYByBXmjGZ9","180829/bGrXPvotFpMmYByBXmjGZ9_1.vtt","为什么机器学习是有效的"
"aDVWL92tFnCCyBSw2vbU39","180829/aDVWL92tFnCCyBSw2vbU39_1.vtt","全贝叶斯方法简介"
"rzCQSYC7MfBYAEgVxupyym","180829/rzCQSYC7MfBYAEgVxupyym_1.vtt","限制weights的大小"
"kuz2wnLxmvpbE3EwxttnM3","180829/kuz2wnLxmvpbE3EwxttnM3_1.vtt","MacKay设定weight成本的方法"
"mDxYyK4GVFa7LWc3uNcHvk","180829/mDxYyK4GVFa7LWc3uNcHvk_1.vtt","改进泛化的方法概述"
"bqusZfqyaWm4w6i7A4942m","180829/bqusZfqyaWm4w6i7A4942m_1.vtt","weight衰减的贝叶斯解释"
"xuqYXiDATaXVTaYxfTTySS","180829/xuqYXiDATaXVTaYxfTTySS_1.vtt","使用噪声作为正则化器"
"jn6Xwg3o5HKiZ95RXYsa9j","180829/jn6Xwg3o5HKiZ95RXYsa9j_1.vtt","交叉验证"
"j7utudDhydTNHTVu5jFc73","180829/j7utudDhydTNHTVu5jFc73_1.vtt","进出样本错误"
"buS5sbE5TCf4fwCMkfmqnc","180829/buS5sbE5TCf4fwCMkfmqnc_1.vtt","预测动机"
"hFQwzBJwRuvpHHtchrsNU3","180829/hFQwzBJwRuvpHHtchrsNU3_1.vtt","预测研究设计"
"d5z5j9UiXt9wuKzwJUzHcP","180829/d5z5j9UiXt9wuKzwJUzHcP_1.vtt","接收器工作特性"
"yYyAkRnfya7f9DtBeptAXF","180829/yYyAkRnfya7f9DtBeptAXF_1.vtt","步骤的相对重要性"
"pYWv8cXWicaAmYjSnSuTq6","180829/pYWv8cXWicaAmYjSnSuTq6_1.vtt","错误的类型"
"oQi75UZTVyJ24sYGiBoVkV","180829/oQi75UZTVyJ24sYGiBoVkV_1.vtt","你应该使用什么数据"
"ax5yCU9na9fFbygu8TjpHJ","180829/ax5yCU9na9fFbygu8TjpHJ_1.vtt","什么是预测？"
"tHbyhSWUwu6i6qwQu7Mpe5","180829/tHbyhSWUwu6i6qwQu7Mpe5_1.vtt","基本预处理"
"su2C2ZFhji24aEooqnbXFV","180829/su2C2ZFhji24aEooqnbXFV_1.vtt","Caret包"
"rUN79oWJaYWoSUdYaaoVWW","180829/rUN79oWJaYWoSUdYaaoVWW_1.vtt","协变量创造"
"c3iWbyREQvKjdbhiUk3yKL","180829/c3iWbyREQvKjdbhiUk3yKL_1.vtt","数据切片"
"uFk8gHmHnfUHAgYKtV2ioU","180829/uFk8gHmHnfUHAgYKtV2ioU_1.vtt","绘制预测变量"
"vC3CNXtV7brJmnxYjsUKSV","180829/vC3CNXtV7brJmnxYjsUKSV_1.vtt","用回归预测"
"vXPBjQWVKUsuPdx9wcWTBm","180829/vXPBjQWVKUsuPdx9wcWTBm_1.vtt","用回归多个协变量预测"
"xkoy99vA299Qi2AwdiH6Tb","180829/xkoy99vA299Qi2AwdiH6Tb_1.vtt","使用主成分分析进行预处理"
"qyTWnbAyoaKiv3TL5dJbgY","180829/qyTWnbAyoaKiv3TL5dJbgY_1.vtt","训练的选项"
"mTQrwuJ94hQ3vSpus72eW8","180829/mTQrwuJ94hQ3vSpus72eW8_1.vtt","Bagging"
"homoa87TYsktX5ZrqK86xJ","180829/homoa87TYsktX5ZrqK86xJ_1.vtt","Boosting"
"thVXaEyYUhgtaw6VM6CjTa","180829/thVXaEyYUhgtaw6VM6CjTa_1.vtt","基于模型的预测"
"vCT5qsR56j66Z3ZzBadUbj","180829/vCT5qsR56j66Z3ZzBadUbj_1.vtt","用树进行预测"
"dTSDyLJzpJ6Gi52bH4GdYm","180829/dTSDyLJzpJ6Gi52bH4GdYm_1.vtt","随机森林"
"tBWn253NqY85aVTSVzKYWQ","180829/tBWn253NqY85aVTSVzKYWQ_1.vtt","结合预测因子"
"ykh37PjiFNqTBiz5QWJbUn","180829/ykh37PjiFNqTBiz5QWJbUn_1.vtt","预测"
"aBFJ9oSk8PxV3MMvbsEDea","180829/aBFJ9oSk8PxV3MMvbsEDea_1.vtt","规范化回归"
"k3865bP8yiPbK63qXjZrCV","180829/k3865bP8yiPbK63qXjZrCV_1.vtt","无监督预测"
"aqrT3y7N8JQfsa2oMWPerP","180829/aqrT3y7N8JQfsa2oMWPerP_1.vtt","Andrej Karpathy采访"
"sciL4PdrUh9eo7cEJyxYNf","180829/sciL4PdrUh9eo7cEJyxYNf_1.vtt","可避免的偏差"
"nupRd7GMqeAZinVzJZam5o","180829/nupRd7GMqeAZinVzJZam5o_1.vtt","提高您的模型性能"
"qhjG3L4tkasUqP3Kf4UGdY","180829/qhjG3L4tkasUqP3Kf4UGdY_1.vtt","正交"
"wq2PA7ufZDHLkBFLE3xgac","180829/wq2PA7ufZDHLkBFLE3xgac_1.vtt","满意度和优化指标"
"djP3Sq89EZmLUK7yJpHwbZ","180829/djP3Sq89EZmLUK7yJpHwbZ_1.vtt","单号评估指标"
"usDX2BRCVSD7GY9ueAHMTV","180829/usDX2BRCVSD7GY9ueAHMTV_1.vtt","开发和测试集的大小"
"rmYb6HccSVR2Bd4Y3g69jQ","180829/rmYb6HccSVR2Bd4Y3g69jQ_1.vtt","超越human-level的表现"
"neuRd8fzm7NsiNacmXjTGS","180829/neuRd8fzm7NsiNacmXjTGS_1.vtt","了解human-level的表现"
"cu4zqJAXgbQio8gwCCp6dg","180829/cu4zqJAXgbQio8gwCCp6dg_1.vtt","为什么human-level的表现"
"y6geSKpNrp3tBPrWDfK5pk","180829/y6geSKpNrp3tBPrWDfK5pk_1.vtt","为什么选择机器学习策略"
"jvcjn9svxsSHPLptjh6K55","180829/jvcjn9svxsSHPLptjh6K55_1.vtt","解决数据不匹配问题"
"a29Zna84VheejZauaA6jFe","180829/a29Zna84VheejZauaA6jFe_1.vtt","偏差和方差与不匹配的数据分布"
"kSHGySL7Q5TBwz6aBjb5VZ","180829/kSHGySL7Q5TBwz6aBjb5VZ_1.vtt","快速构建您的第一个系统，然后迭代"
"rtjMPai5NiBUhnb9Tsafkf","180829/rtjMPai5NiBUhnb9Tsafkf_1.vtt","进行错误分析"
"oJEJF3Pv6BTLLYKzCe2okb","180829/oJEJF3Pv6BTLLYKzCe2okb_1.vtt","清理错误标记的数据"
"wQ97iywDzD7iMrJPkL3qgi","180829/wQ97iywDzD7iMrJPkL3qgi_1.vtt","多任务学习"
"yHyr4ZveuCBnZ7kgvsnmWH","180829/yHyr4ZveuCBnZ7kgvsnmWH_1.vtt","Ruslan Salakhutdinov采访"
"tPCtJzWuoJgsMWR82NGffS","180829/tPCtJzWuoJgsMWR82NGffS_1.vtt","对不同发行版进行培训和测试"
"vqfZuxsPBLua5Bdn8LkyBb","180829/vqfZuxsPBLua5Bdn8LkyBb_1.vtt","转学习"
"fuAipEnUpy8PErXJvuHxzh","180829/fuAipEnUpy8PErXJvuHxzh_1.vtt","什么是端到端的深度学习"
"o2zNRBnWm6hdPv3hfWxHfS","180829/o2zNRBnWm6hdPv3hfWxHfS_1.vtt","是否使用端到端深度学习"
